step,full_train_acc,val_accuracy,full_train_loss,val_loss,train_accuracy,train_loss,learning_rate,epoch
9,,,,,0.0,4.717776298522949,0.0,0.0
10,0.0,0.0,3.139071226119995,3.1453044414520264,,,,1.0
19,,,,,0.0,2.9086568355560303,0.0010000000474974513,1.0
20,0.0,0.0,2.499431610107422,2.511202573776245,,,,2.0
29,,,,,0.3613945543766022,2.4453725814819336,0.0010000000474974513,2.0
30,1.0204081535339355,0.9989372491836548,2.364881753921509,2.3752739429473877,,,,3.0
39,,,,,1.2542517185211182,2.353156089782715,0.0010000000474974513,3.0
40,1.1904761791229248,0.8289054036140442,2.326584815979004,2.337557792663574,,,,4.0
49,,,,,1.062925100326538,2.3245859146118164,0.0010000000474974513,4.0
50,1.2542517185211182,0.7651434540748596,2.31072735786438,2.3240487575531006,,,,5.0
59,,,,,1.0416666269302368,2.311957836151123,0.0010000000474974513,5.0
60,1.1692177057266235,0.8926673531532288,2.3041276931762695,2.3168888092041016,,,,6.0
69,,,,,1.1904761791229248,2.3072493076324463,0.0010000000474974513,6.0
70,1.211734652519226,0.8076514005661011,2.2992260456085205,2.313917398452759,,,,7.0
79,,,,,1.062925100326538,2.30283522605896,0.0010000000474974513,7.0
80,1.5943877696990967,0.6163655519485474,2.296623706817627,2.3145201206207275,,,,8.0
89,,,,,1.46683669090271,2.300969123840332,0.0010000000474974513,8.0
90,1.3818026781082153,0.7651434540748596,2.293562650680542,2.3098514080047607,,,,9.0
99,,,,,1.4455782175064087,2.297525405883789,0.0010000000474974513,9.0
100,1.615646243095398,0.701381504535675,2.2903623580932617,2.3105669021606445,,,,10.0
109,,,,,1.2542517185211182,2.2948060035705566,0.0010000000474974513,10.0
110,1.8282312154769897,0.42507970333099365,2.2865891456604004,2.314534902572632,,,,11.0
119,,,,,1.360544204711914,2.2924716472625732,0.0010000000474974513,11.0
120,1.6794217824935913,0.5526036024093628,2.2817556858062744,2.316380500793457,,,,12.0
129,,,,,1.7006802558898926,2.285642385482788,0.0010000000474974513,12.0
130,1.8494898080825806,0.6163655519485474,2.2762868404388428,2.324671506881714,,,,13.0
139,,,,,1.9132652282714844,2.2806384563446045,0.0010000000474974513,13.0
140,2.338435411453247,0.3613177239894867,2.2653162479400635,2.3404250144958496,,,,14.0
149,,,,,1.9770407676696777,2.2726714611053467,0.0010000000474974513,14.0
150,2.4872448444366455,0.3613177239894867,2.2506749629974365,2.356435775756836,,,,15.0
159,,,,,2.2959184646606445,2.258111000061035,0.0010000000474974513,15.0
160,2.359693765640259,0.2975557744503021,2.237581968307495,2.3928890228271484,,,,16.0
169,,,,,2.4872450828552246,2.243227481842041,0.0010000000474974513,16.0
170,3.2525508403778076,0.17003187537193298,2.2143189907073975,2.419044017791748,,,,17.0
179,,,,,2.5722787380218506,2.2210946083068848,0.0010000000474974513,17.0
180,3.5714285373687744,0.2763018012046814,2.1934666633605957,2.4372074604034424,,,,18.0
189,,,,,3.2950680255889893,2.201340913772583,0.0010000000474974513,18.0
190,4.5280609130859375,0.12752391397953033,2.168308973312378,2.4688422679901123,,,,19.0
199,,,,,3.911564350128174,2.173935890197754,0.0010000000474974513,19.0
200,4.676870822906494,0.21253985166549683,2.1454620361328125,2.5021095275878906,,,,20.0
209,,,,,4.272959232330322,2.1500210762023926,0.0010000000474974513,20.0
210,5.335884094238281,0.25504782795906067,2.1218514442443848,2.5219717025756836,,,,21.0
219,,,,,5.378401279449463,2.1281774044036865,0.0010000000474974513,21.0
220,6.313775539398193,0.10626992583274841,2.091336727142334,2.537851095199585,,,,22.0
229,,,,,6.271258354187012,2.0942444801330566,0.0010000000474974513,22.0
230,7.334183692932129,0.1912858635187149,2.0615150928497314,2.5729386806488037,,,,23.0
239,,,,,7.674319267272949,2.0615811347961426,0.0010000000474974513,23.0
240,8.503400802612305,0.12752391397953033,2.023167848587036,2.5850982666015625,,,,24.0
249,,,,,7.568027496337891,2.0310802459716797,0.0010000000474974513,24.0
250,10.119047164916992,0.14877788722515106,1.9942550659179688,2.5933964252471924,,,,25.0
259,,,,,9.608842849731445,1.9995449781417847,0.0010000000474974513,25.0
260,11.458333015441895,0.10626992583274841,1.9483269453048706,2.6249518394470215,,,,26.0
269,,,,,10.204080581665039,1.9589414596557617,0.0010000000474974513,26.0
270,12.88265323638916,0.21253985166549683,1.9062519073486328,2.656426191329956,,,,27.0
279,,,,,11.607142448425293,1.9170160293579102,0.0010000000474974513,27.0
280,14.944727897644043,0.08501593768596649,1.8585137128829956,2.6756584644317627,,,,28.0
289,,,,,14.370748519897461,1.8648607730865479,0.0010000000474974513,28.0
290,16.964284896850586,0.12752391397953033,1.7990328073501587,2.699307918548584,,,,29.0
299,,,,,16.17772102355957,1.810162901878357,0.0010000000474974513,29.0
300,19.494047164916992,0.1912858635187149,1.7472060918807983,2.7243871688842773,,,,30.0
309,,,,,18.792516708374023,1.7601633071899414,0.0010000000474974513,30.0
310,21.683673858642578,0.12752391397953033,1.6882171630859375,2.759906053543091,,,,31.0
319,,,,,20.812074661254883,1.6996439695358276,0.0010000000474974513,31.0
320,25.21258544921875,0.06376195698976517,1.6342108249664307,2.7672109603881836,,,,32.0
329,,,,,23.21428680419922,1.6410382986068726,0.0010000000474974513,32.0
330,28.762754440307617,0.23379382491111755,1.560831069946289,2.8138558864593506,,,,33.0
339,,,,,26.892005920410156,1.5706515312194824,0.0010000000474974513,33.0
340,31.95153045654297,0.23379382491111755,1.4904601573944092,2.8236212730407715,,,,34.0
349,,,,,30.442176818847656,1.502166748046875,0.0010000000474974513,34.0
350,34.60884094238281,0.31880977749824524,1.4211769104003906,2.8584094047546387,,,,35.0
359,,,,,33.58843231201172,1.4309852123260498,0.0010000000474974513,35.0
360,40.34864044189453,0.08501593768596649,1.341073751449585,2.8835508823394775,,,,36.0
369,,,,,38.073978424072266,1.3519387245178223,0.0010000000474974513,36.0
370,43.218536376953125,0.21253985166549683,1.2621545791625977,2.9219517707824707,,,,37.0
379,,,,,42.155609130859375,1.2745778560638428,0.0010000000474974513,37.0
380,46.4498291015625,0.21253985166549683,1.1877729892730713,2.953592300415039,,,,38.0
389,,,,,46.00340270996094,1.1965991258621216,0.0010000000474974513,38.0
390,51.041664123535156,0.21253985166549683,1.1082230806350708,2.9750020503997803,,,,39.0
399,,,,,49.63860321044922,1.1258275508880615,0.0010000000474974513,39.0
400,56.398807525634766,0.21253985166549683,1.025400996208191,2.993105888366699,,,,40.0
409,,,,,53.42261505126953,1.0423320531845093,0.0010000000474974513,40.0
410,61.904762268066406,0.1912858635187149,0.9367539882659912,3.035978078842163,,,,41.0
419,,,,,59.43877410888672,0.9588799476623535,0.0010000000474974513,41.0
420,65.30612182617188,0.2975557744503021,0.872044026851654,3.0703256130218506,,,,42.0
429,,,,,63.43537521362305,0.883991003036499,0.0010000000474974513,42.0
430,69.70663452148438,0.21253985166549683,0.7876856327056885,3.1048717498779297,,,,43.0
439,,,,,68.36734771728516,0.8026365041732788,0.0010000000474974513,43.0
440,74.76615142822266,0.10626992583274841,0.713129997253418,3.1379199028015137,,,,44.0
449,,,,,72.68282318115234,0.7297805547714233,0.0010000000474974513,44.0
450,78.21002960205078,0.1912858635187149,0.6426579356193542,3.174574375152588,,,,45.0
459,,,,,76.06292724609375,0.6573323607444763,0.0010000000474974513,45.0
460,81.25,0.2763018012046814,0.5798804759979248,3.216334581375122,,,,46.0
469,,,,,79.46427917480469,0.5903210043907166,0.0010000000474974513,46.0
470,86.58588409423828,0.21253985166549683,0.4978959560394287,3.258511781692505,,,,47.0
479,,,,,84.48128509521484,0.5153854489326477,0.0010000000474974513,47.0
480,89.56207275390625,0.25504782795906067,0.43645548820495605,3.29105281829834,,,,48.0
489,,,,,86.9047622680664,0.45562970638275146,0.0010000000474974513,48.0
490,90.07227325439453,0.17003187537193298,0.398654967546463,3.351374864578247,,,,49.0
499,,,,,88.7755126953125,0.41087454557418823,0.0010000000474974513,49.0
500,93.26105499267578,0.31880977749824524,0.33858722448349,3.370086193084717,,,,50.0
509,,,,,92.11309814453125,0.351579487323761,0.0010000000474974513,50.0
510,94.49404907226562,0.2763018012046814,0.29282891750335693,3.4198615550994873,,,,51.0
519,,,,,94.02635955810547,0.3041602075099945,0.0010000000474974513,51.0
520,96.2797622680664,0.2975557744503021,0.25519755482673645,3.4470667839050293,,,,52.0
529,,,,,95.47193908691406,0.26813578605651855,0.0010000000474974513,52.0
530,96.93877410888672,0.25504782795906067,0.22819560766220093,3.5019285678863525,,,,53.0
539,,,,,96.76870727539062,0.23646293580532074,0.0010000000474974513,53.0
540,98.21428680419922,0.25504782795906067,0.19683535397052765,3.547089099884033,,,,54.0
549,,,,,97.76785278320312,0.19830676913261414,0.0010000000474974513,54.0
550,99.08588409423828,0.34006375074386597,0.1553599238395691,3.5853443145751953,,,,55.0
559,,,,,98.66070556640625,0.16139480471611023,0.0010000000474974513,55.0
560,99.3197250366211,0.34006375074386597,0.12939339876174927,3.6304447650909424,,,,56.0
569,,,,,99.02210998535156,0.13533711433410645,0.0010000000474974513,56.0
570,99.68112182617188,0.3613177239894867,0.10975263267755508,3.682314395904541,,,,57.0
579,,,,,99.55357360839844,0.11299875378608704,0.0010000000474974513,57.0
580,99.8299331665039,0.31880977749824524,0.08837747573852539,3.711094856262207,,,,58.0
589,,,,,99.46853637695312,0.09434334933757782,0.0010000000474974513,58.0
590,99.7448959350586,0.2763018012046814,0.08143669366836548,3.7665603160858154,,,,59.0
599,,,,,99.59608459472656,0.0857040137052536,0.0010000000474974513,59.0
600,99.87244415283203,0.3613177239894867,0.07205935567617416,3.790217876434326,,,,60.0
609,,,,,99.80867004394531,0.07524695992469788,0.0010000000474974513,60.0
610,99.9787368774414,0.2763018012046814,0.05974303185939789,3.8359525203704834,,,,61.0
619,,,,,99.87245178222656,0.0629454255104065,0.0010000000474974513,61.0
620,99.9787368774414,0.2975557744503021,0.050763167440891266,3.8785831928253174,,,,62.0
629,,,,,99.93621826171875,0.05468399077653885,0.0010000000474974513,62.0
630,99.9787368774414,0.2975557744503021,0.044218290597200394,3.916609287261963,,,,63.0
639,,,,,99.91496276855469,0.04627339541912079,0.0010000000474974513,63.0
640,99.9787368774414,0.31880977749824524,0.03800622373819351,3.9448082447052,,,,64.0
649,,,,,99.93621826171875,0.04058279097080231,0.0010000000474974513,64.0
650,99.9787368774414,0.2975557744503021,0.03567248955368996,3.99300479888916,,,,65.0
659,,,,,99.87245178222656,0.03758523240685463,0.0010000000474974513,65.0
660,99.95748138427734,0.31880977749824524,0.03357897698879242,4.0351738929748535,,,,66.0
669,,,,,99.91496276855469,0.03706635162234306,0.0010000000474974513,66.0
670,99.9787368774414,0.3613177239894867,0.03263029083609581,4.06840181350708,,,,67.0
679,,,,,99.8299331665039,0.034554947167634964,0.0010000000474974513,67.0
680,99.9787368774414,0.34006375074386597,0.02760966308414936,4.1090407371521,,,,68.0
689,,,,,99.89370727539062,0.028938377276062965,0.0010000000474974513,68.0
690,99.87244415283203,0.2975557744503021,0.02737344428896904,4.139771461486816,,,,69.0
699,,,,,99.7448959350586,0.030968187376856804,0.0010000000474974513,69.0
700,99.89370727539062,0.34006375074386597,0.02895302325487137,4.197772026062012,,,,70.0
709,,,,,99.76615905761719,0.031181300058960915,0.0010000000474974513,70.0
710,99.80867004394531,0.3613177239894867,0.025890043005347252,4.230586051940918,,,,71.0
719,,,,,99.70237731933594,0.030515722930431366,0.0010000000474974513,71.0
720,99.5748291015625,0.3825717270374298,0.03819454461336136,4.296016693115234,,,,72.0
729,,,,,99.38349914550781,0.04612826555967331,0.0010000000474974513,72.0
730,99.04336547851562,0.2975557744503021,0.04967295750975609,4.351612091064453,,,,73.0
739,,,,,98.873291015625,0.05591858923435211,0.0010000000474974513,73.0
740,98.59693908691406,0.3613177239894867,0.059528786689043045,4.373195171356201,,,,74.0
749,,,,,98.36309814453125,0.06777794659137726,0.0010000000474974513,74.0
750,98.95832824707031,0.23379382491111755,0.057069744914770126,4.4029035568237305,,,,75.0
759,,,,,98.68197631835938,0.06170070916414261,0.0010000000474974513,75.0
760,99.12840270996094,0.34006375074386597,0.04824025556445122,4.4146881103515625,,,,76.0
769,,,,,98.61819458007812,0.056983884423971176,0.0010000000474974513,76.0
770,99.27720642089844,0.25504782795906067,0.042795635759830475,4.4717183113098145,,,,77.0
779,,,,,98.8945541381836,0.04711776226758957,0.0010000000474974513,77.0
780,99.61734771728516,0.21253985166549683,0.03536052629351616,4.518664836883545,,,,78.0
789,,,,,99.44727325439453,0.03914505988359451,0.0010000000474974513,78.0
790,99.87244415283203,0.3613177239894867,0.02731957472860813,4.5427093505859375,,,,79.0
799,,,,,99.70237731933594,0.029436668381094933,0.0010000000474974513,79.0
800,99.89370727539062,0.3825717270374298,0.016959358006715775,4.588790416717529,,,,80.0
809,,,,,99.85118865966797,0.018032800406217575,0.0010000000474974513,80.0
810,100.0,0.2975557744503021,0.011560851708054543,4.622495174407959,,,,81.0
819,,,,,99.89370727539062,0.014554616063833237,0.0010000000474974513,81.0
820,99.9787368774414,0.34006375074386597,0.01030036062002182,4.640133380889893,,,,82.0
829,,,,,99.85118865966797,0.013106527738273144,0.0010000000474974513,82.0
830,99.95748138427734,0.2975557744503021,0.007991749793291092,4.660355567932129,,,,83.0
839,,,,,99.93621826171875,0.009916245937347412,0.0010000000474974513,83.0
840,100.0,0.21253985166549683,0.006537279114127159,4.683193683624268,,,,84.0
849,,,,,100.0,0.006622360087931156,0.0010000000474974513,84.0
850,99.9787368774414,0.34006375074386597,0.0051343622617423534,4.7006025314331055,,,,85.0
859,,,,,99.97874450683594,0.005022037774324417,0.0010000000474974513,85.0
860,100.0,0.25504782795906067,0.004109335131943226,4.708921432495117,,,,86.0
869,,,,,100.0,0.004103981889784336,0.0010000000474974513,86.0
870,100.0,0.31880977749824524,0.00339632760733366,4.722886085510254,,,,87.0
879,,,,,100.0,0.0032952013425529003,0.0010000000474974513,87.0
880,100.0,0.2763018012046814,0.0027956385165452957,4.743255138397217,,,,88.0
889,,,,,100.0,0.0027544046752154827,0.0010000000474974513,88.0
890,100.0,0.31880977749824524,0.0024777345824986696,4.757651329040527,,,,89.0
899,,,,,100.0,0.0024788619484752417,0.0010000000474974513,89.0
900,100.0,0.34006375074386597,0.0022445551585406065,4.768650531768799,,,,90.0
909,,,,,100.0,0.0022441186010837555,0.0010000000474974513,90.0
910,100.0,0.2975557744503021,0.0020605712197721004,4.784130573272705,,,,91.0
919,,,,,100.0,0.0020631367806345224,0.0010000000474974513,91.0
920,100.0,0.31880977749824524,0.0019064255757257342,4.794143199920654,,,,92.0
929,,,,,100.0,0.0019191564060747623,0.0010000000474974513,92.0
930,100.0,0.2763018012046814,0.001769511727616191,4.805605411529541,,,,93.0
939,,,,,100.0,0.0017984749283641577,0.0010000000474974513,93.0
940,100.0,0.25504782795906067,0.0016573587199673057,4.822398662567139,,,,94.0
949,,,,,100.0,0.0016855767462402582,0.0010000000474974513,94.0
950,100.0,0.2763018012046814,0.0015495797852054238,4.838350772857666,,,,95.0
959,,,,,100.0,0.001583290402777493,0.0010000000474974513,95.0
960,100.0,0.2763018012046814,0.0014561829157173634,4.854819297790527,,,,96.0
969,,,,,100.0,0.0014842767268419266,0.0010000000474974513,96.0
970,100.0,0.2763018012046814,0.0013761030277237296,4.868443012237549,,,,97.0
979,,,,,100.0,0.0013957642950117588,0.0010000000474974513,97.0
980,100.0,0.2763018012046814,0.0012687614653259516,4.8881659507751465,,,,98.0
989,,,,,100.0,0.0012931909877806902,0.0010000000474974513,98.0
990,100.0,0.2763018012046814,0.0011802060762420297,4.913837432861328,,,,99.0
999,,,,,100.0,0.0012018984416499734,0.0010000000474974513,99.0
1000,100.0,0.2975557744503021,0.0011029858142137527,4.9261980056762695,,,,100.0
1009,,,,,100.0,0.0011226772330701351,0.0010000000474974513,100.0
1019,,,,,100.0,0.0010464543011039495,0.0010000000474974513,101.0
1020,100.0,0.34006375074386597,0.0009437761036679149,4.9673004150390625,,,,102.0
1029,,,,,100.0,0.0009636966860853136,0.0010000000474974513,102.0
1039,,,,,100.0,0.0008968128240667284,0.0010000000474974513,103.0
1040,100.0,0.25504782795906067,0.0008091493509709835,5.01459264755249,,,,104.0
1049,,,,,100.0,0.0008219835581257939,0.0010000000474974513,104.0
1059,,,,,100.0,0.0007507955888286233,0.0010000000474974513,105.0
1060,100.0,0.31880977749824524,0.0006757641094736755,5.06172513961792,,,,106.0
1069,,,,,100.0,0.0006918786093592644,0.0010000000474974513,106.0
1079,,,,,100.0,0.000636050186585635,0.0010000000474974513,107.0
1080,100.0,0.3613177239894867,0.0005707376985810697,5.107619762420654,,,,108.0
1089,,,,,100.0,0.0005869119195267558,0.0010000000474974513,108.0
1099,,,,,100.0,0.0005362831871025264,0.0010000000474974513,109.0
1100,100.0,0.23379382491111755,0.0004842033958993852,5.168877601623535,,,,110.0
1109,,,,,100.0,0.0004982099053449929,0.0010000000474974513,110.0
1119,,,,,100.0,0.000450177671154961,0.0010000000474974513,111.0
1120,100.0,0.31880977749824524,0.0003987052186857909,5.224445343017578,,,,112.0
1129,,,,,100.0,0.0004075109609402716,0.0010000000474974513,112.0
1139,,,,,100.0,0.0003709433658514172,0.0010000000474974513,113.0
1140,100.0,0.2975557744503021,0.0003306828439235687,5.286413669586182,,,,114.0
1149,,,,,100.0,0.0003350222250446677,0.0010000000474974513,114.0
1159,,,,,100.0,0.0003067786165047437,0.0010000000474974513,115.0
1160,100.0,0.3613177239894867,0.0002738840412348509,5.341533184051514,,,,116.0
1169,,,,,100.0,0.0002851190511137247,0.0010000000474974513,116.0
1179,,,,,100.0,0.00026750098913908005,0.0010000000474974513,117.0
1180,100.0,0.2763018012046814,0.00023708827211521566,5.413832664489746,,,,118.0
1189,,,,,100.0,0.0002421617100480944,0.0010000000474974513,118.0
1199,,,,,100.0,0.00022085628006607294,0.0010000000474974513,119.0
1200,100.0,0.21253985166549683,0.00021139501768629998,5.450218200683594,,,,120.0
1209,,,,,100.0,0.00021541709429584444,0.0010000000474974513,120.0
1219,,,,,100.0,0.00019143384997732937,0.0010000000474974513,121.0
1220,99.78741455078125,0.3613177239894867,0.006947793997824192,5.530224800109863,,,,122.0
1229,,,,,98.08673095703125,0.04381619021296501,0.0010000000474974513,122.0
1239,,,,,91.79421997070312,0.1473064124584198,0.0010000000474974513,123.0
1240,94.3452377319336,0.34006375074386597,0.10493920743465424,5.545486927032471,,,,124.0
1249,,,,,94.66411590576172,0.10331246256828308,0.0010000000474974513,124.0
1259,,,,,96.13095092773438,0.07657542824745178,0.0010000000474974513,125.0
1260,98.23554229736328,0.4675876498222351,0.042776208370923996,5.5538740158081055,,,,126.0
1269,,,,,97.1938705444336,0.057924576103687286,0.0010000000474974513,126.0
1279,,,,,98.49064636230469,0.03917522728443146,0.0010000000474974513,127.0
1280,99.42601776123047,0.2975557744503021,0.021015837788581848,5.535125732421875,,,,128.0
1289,,,,,99.34098052978516,0.021300509572029114,0.0010000000474974513,128.0
1299,,,,,99.7448959350586,0.010496845468878746,0.0010000000474974513,129.0
1300,99.93622589111328,0.1912858635187149,0.006003996357321739,5.5649566650390625,,,,130.0
1309,,,,,99.8299331665039,0.007973532192409039,0.0010000000474974513,130.0
1319,,,,,99.95748138427734,0.004929112736135721,0.0010000000474974513,131.0
1320,99.95748138427734,0.17003187537193298,0.0033173132687807083,5.576388359069824,,,,132.0
1329,,,,,99.97874450683594,0.003262154757976532,0.0010000000474974513,132.0
1339,,,,,100.0,0.0017239723820239305,0.0010000000474974513,133.0
1340,100.0,0.23379382491111755,0.0012845334131270647,5.56462287902832,,,,134.0
1349,,,,,100.0,0.0012300822418183088,0.0010000000474974513,134.0
1359,,,,,100.0,0.0009567590896040201,0.0010000000474974513,135.0
1360,100.0,0.25504782795906067,0.0008390101720578969,5.551499366760254,,,,136.0
1369,,,,,100.0,0.0008140006102621555,0.0010000000474974513,136.0
1379,,,,,100.0,0.0007261163555085659,0.0010000000474974513,137.0
1380,100.0,0.1912858635187149,0.0006765577127225697,5.549738883972168,,,,138.0
1389,,,,,100.0,0.0006685967091470957,0.0010000000474974513,138.0
1399,,,,,100.0,0.000625494634732604,0.0010000000474974513,139.0
1400,100.0,0.14877788722515106,0.0005938922404311597,5.5432281494140625,,,,140.0
1409,,,,,100.0,0.0005897979135625064,0.0010000000474974513,140.0
1419,,,,,100.0,0.0005600819131359458,0.0010000000474974513,141.0
1420,100.0,0.17003187537193298,0.0005348201957531273,5.540168762207031,,,,142.0
1429,,,,,100.0,0.0005325729725882411,0.0010000000474974513,142.0
1439,,,,,100.0,0.0005075925728306174,0.0010000000474974513,143.0
1440,100.0,0.17003187537193298,0.00048467644955962896,5.5366716384887695,,,,144.0
1449,,,,,100.0,0.00048371258890256286,0.0010000000474974513,144.0
1459,,,,,100.0,0.0004612548800650984,0.0010000000474974513,145.0
1460,100.0,0.17003187537193298,0.0004403534985613078,5.5348005294799805,,,,146.0
1469,,,,,100.0,0.000439746945630759,0.0010000000474974513,146.0
1479,,,,,100.0,0.00042013393249362707,0.0010000000474974513,147.0
1480,100.0,0.14877788722515106,0.00039999844739213586,5.536541938781738,,,,148.0
1489,,,,,100.0,0.00040059746243059635,0.0010000000474974513,148.0
1499,,,,,100.0,0.00038083060644567013,0.0010000000474974513,149.0
1500,100.0,0.14877788722515106,0.000361113459803164,5.540392875671387,,,,150.0
1509,,,,,100.0,0.00036133313551545143,0.0010000000474974513,150.0
1519,,,,,100.0,0.00034263363340869546,0.0010000000474974513,151.0
1529,,,,,100.0,0.0003260815283283591,0.0010000000474974513,152.0
1530,100.0,0.21253985166549683,0.00030764247640036047,5.5499162673950195,,,,153.0
1539,,,,,100.0,0.0003086047654505819,0.0010000000474974513,153.0
1549,,,,,100.0,0.000292687036562711,0.0010000000474974513,154.0
1559,,,,,100.0,0.00027738939388655126,0.0010000000474974513,155.0
1560,100.0,0.1912858635187149,0.0002602322492748499,5.5634355545043945,,,,156.0
1569,,,,,100.0,0.0002622972533572465,0.0010000000474974513,156.0
1579,,,,,100.0,0.0002481072733644396,0.0010000000474974513,157.0
1589,,,,,100.0,0.0002334813616471365,0.0010000000474974513,158.0
1590,100.0,0.1912858635187149,0.00021821024711243808,5.585900783538818,,,,159.0
1599,,,,,100.0,0.00021975550043862313,0.0010000000474974513,159.0
1609,,,,,100.0,0.00020685185154434294,0.0010000000474974513,160.0
1619,,,,,100.0,0.00019443042401690036,0.0010000000474974513,161.0
1620,100.0,0.14877788722515106,0.0001806962100090459,5.615074157714844,,,,162.0
1629,,,,,100.0,0.00018223843653686345,0.0010000000474974513,162.0
1639,,,,,100.0,0.0001707389164948836,0.0010000000474974513,163.0
1649,,,,,100.0,0.00016002512711565942,0.0010000000474974513,164.0
1650,100.0,0.14877788722515106,0.00014794700837228447,5.653009414672852,,,,165.0
1659,,,,,100.0,0.00014923007984180003,0.0010000000474974513,165.0
1669,,,,,100.0,0.00013943840167485178,0.0010000000474974513,166.0
1679,,,,,100.0,0.00013046438107267022,0.0010000000474974513,167.0
1680,100.0,0.17003187537193298,0.00012004859308945015,5.695437431335449,,,,168.0
1689,,,,,100.0,0.00012125553621444851,0.0010000000474974513,168.0
1699,,,,,100.0,0.00011310416448395699,0.0010000000474974513,169.0
1709,,,,,100.0,0.00010534706234466285,0.0010000000474974513,170.0
1710,100.0,0.17003187537193298,9.578247409081087e-05,5.746088027954102,,,,171.0
1719,,,,,100.0,9.689576108939946e-05,0.0010000000474974513,171.0
1729,,,,,100.0,8.984107262222096e-05,0.0010000000474974513,172.0
1739,,,,,100.0,8.29914934001863e-05,0.0010000000474974513,173.0
1740,100.0,0.1912858635187149,7.584447303088382e-05,5.8058881759643555,,,,174.0
1749,,,,,100.0,7.660436676815152e-05,0.0010000000474974513,174.0
1759,,,,,100.0,7.062473014229909e-05,0.0010000000474974513,175.0
1769,,,,,100.0,6.515771383419633e-05,0.0010000000474974513,176.0
1770,100.0,0.23379382491111755,5.885177961317822e-05,5.867987632751465,,,,177.0
1779,,,,,100.0,5.9852936828974634e-05,0.0010000000474974513,177.0
1789,,,,,100.0,5.496640005731024e-05,0.0010000000474974513,178.0
1799,,,,,100.0,5.055335714132525e-05,0.0010000000474974513,179.0
1800,100.0,0.2763018012046814,4.588387309922837e-05,5.936465740203857,,,,180.0
1809,,,,,100.0,4.661529237637296e-05,0.0010000000474974513,180.0
1819,,,,,100.0,4.269884084351361e-05,0.0010000000474974513,181.0
1829,,,,,100.0,3.944557101931423e-05,0.0010000000474974513,182.0
1830,100.0,0.25504782795906067,3.510250462568365e-05,6.003590106964111,,,,183.0
1839,,,,,100.0,3.6073510273126885e-05,0.0010000000474974513,183.0
1849,,,,,100.0,3.304644997115247e-05,0.0010000000474974513,184.0
1859,,,,,100.0,3.0231065466068685e-05,0.0010000000474974513,185.0
1860,100.0,0.17003187537193298,2.683110869838856e-05,6.096933364868164,,,,186.0
1869,,,,,100.0,2.7541844247025438e-05,0.0010000000474974513,186.0
1879,,,,,100.0,2.481896081008017e-05,0.0010000000474974513,187.0
1889,,,,,100.0,2.2788803107687272e-05,0.0010000000474974513,188.0
1890,100.0,0.21253985166549683,2.0272171241231263e-05,6.168019771575928,,,,189.0
1899,,,,,100.0,2.0743247659993358e-05,0.0010000000474974513,189.0
1909,,,,,100.0,1.8727965652942657e-05,0.0010000000474974513,190.0
1919,,,,,100.0,1.718548810458742e-05,0.0010000000474974513,191.0
1920,100.0,0.23379382491111755,1.5372219422715716e-05,6.257441520690918,,,,192.0
1929,,,,,100.0,1.5688019630033523e-05,0.0010000000474974513,192.0
1939,,,,,100.0,1.4180624930304475e-05,0.0010000000474974513,193.0
1949,,,,,100.0,1.2910435543744825e-05,0.0010000000474974513,194.0
1950,100.0,0.2763018012046814,1.1523269677127246e-05,6.338697910308838,,,,195.0
1959,,,,,100.0,1.1816386177088134e-05,0.0010000000474974513,195.0
1969,,,,,100.0,1.0714248674048577e-05,0.0010000000474974513,196.0
1979,,,,,100.0,9.86735540209338e-06,0.0010000000474974513,197.0
1980,100.0,0.2763018012046814,8.740012162888888e-06,6.423676490783691,,,,198.0
1989,,,,,100.0,8.972318028099835e-06,0.0010000000474974513,198.0
1999,,,,,100.0,8.138148587022442e-06,0.0010000000474974513,199.0
2009,,,,,100.0,7.422689122904558e-06,0.0010000000474974513,200.0
2010,100.0,0.25504782795906067,6.361992291203933e-06,6.515902042388916,,,,201.0
2029,,,,,100.0,5.886552116862731e-06,0.0010000000474974513,202.0
2049,,,,,100.0,4.82209179608617e-06,0.0010000000474974513,204.0
2050,100.0,0.2763018012046814,4.357814759714529e-06,6.632878303527832,,,,205.0
2069,,,,,100.0,4.001140496256994e-06,0.0010000000474974513,206.0
2089,,,,,100.0,3.4615075037436327e-06,0.0010000000474974513,208.0
2090,100.0,0.2975557744503021,3.0242124466894893e-06,6.742042541503906,,,,209.0
2109,,,,,98.32057189941406,0.033788710832595825,0.0010000000474974513,210.0
2129,,,,,92.04931640625,0.13878333568572998,0.0010000000474974513,212.0
2130,95.70578002929688,0.40382570028305054,0.06994588673114777,6.590212345123291,,,,213.0
2149,,,,,96.66241455078125,0.062105655670166016,0.0010000000474974513,214.0
2169,,,,,98.78826904296875,0.02627294510602951,0.0010000000474974513,216.0
2170,99.3197250366211,0.42507970333099365,0.015123936347663403,6.5848069190979,,,,217.0
2189,,,,,99.5748291015625,0.013033740222454071,0.0010000000474974513,218.0
2209,,,,,99.27720642089844,0.01666652411222458,0.0010000000474974513,220.0
2210,99.06462097167969,0.3825717270374298,0.023142514750361443,6.571115970611572,,,,221.0
2229,,,,,99.44728088378906,0.01143360324203968,0.0010000000474974513,222.0
2249,,,,,98.97959899902344,0.023775648325681686,0.0010000000474974513,224.0
2250,99.27720642089844,0.3825717270374298,0.01849372498691082,6.542553424835205,,,,225.0
2269,,,,,99.25595092773438,0.017006222158670425,0.0010000000474974513,226.0
2289,,,,,99.17091369628906,0.016586722806096077,0.0010000000474974513,228.0
2290,99.51105499267578,0.3613177239894867,0.011892818845808506,6.527784824371338,,,,229.0
2309,,,,,99.48979187011719,0.012493273243308067,0.0010000000474974513,230.0
2329,,,,,99.61734008789062,0.011279269121587276,0.0010000000474974513,232.0
2330,99.68112182617188,0.31880977749824524,0.007650638930499554,6.4875168800354,,,,233.0
2349,,,,,99.7236328125,0.006723604630678892,0.0010000000474974513,234.0
2369,,,,,99.12840270996094,0.01736612617969513,0.0010000000474974513,236.0
2370,99.04336547851562,0.3613177239894867,0.019383134320378304,6.521832466125488,,,,237.0
2389,,,,,97.8741455078125,0.04712056368589401,0.0010000000474974513,238.0
2409,,,,,98.25680541992188,0.035508498549461365,0.0010000000474974513,240.0
2410,99.23469543457031,0.2975557744503021,0.019472118467092514,6.416244983673096,,,,241.0
2429,,,,,98.7244873046875,0.02540379948914051,0.0010000000474974513,242.0
2449,,,,,98.97958374023438,0.020228246226906776,0.0010000000474974513,244.0
2450,99.5535659790039,0.34006375074386597,0.013649879023432732,6.425250053405762,,,,245.0
2469,,,,,98.59693908691406,0.033097703009843826,0.0010000000474974513,246.0
2489,,,,,98.66071319580078,0.02988210693001747,0.0010000000474974513,248.0
2490,98.91581726074219,0.21253985166549683,0.023557748645544052,6.4130377769470215,,,,249.0
2509,,,,,99.36224365234375,0.019450511783361435,0.0010000000474974513,250.0
2529,,,,,99.21343231201172,0.017043624073266983,0.0010000000474974513,252.0
2530,99.53231048583984,0.34006375074386597,0.011843168176710606,6.447681427001953,,,,253.0
2549,,,,,99.76615905761719,0.008490745909512043,0.0010000000474974513,254.0
2569,,,,,98.49064636230469,0.03313882648944855,0.0010000000474974513,256.0
2580,99.29846954345703,0.3613177239894867,0.015577212907373905,6.365536212921143,,,,258.0
2589,,,,,99.08587646484375,0.019818488508462906,0.0010000000474974513,258.0
2609,,,,,99.34098815917969,0.016958821564912796,0.0010000000474974513,260.0
2629,,,,,99.10713958740234,0.02299661934375763,0.0010000000474974513,262.0
2630,99.42601776123047,0.6163655519485474,0.01590249314904213,6.343900203704834,,,,263.0
2649,,,,,98.9795913696289,0.02339032292366028,0.0010000000474974513,264.0
2669,,,,,99.12840270996094,0.024741407483816147,0.0010000000474974513,266.0
2680,99.00084686279297,0.4463336765766144,0.02417759597301483,6.350762844085693,,,,268.0
2689,,,,,98.68196868896484,0.027570895850658417,0.0010000000474974513,268.0
2709,,,,,99.4047622680664,0.016074419021606445,0.0010000000474974513,270.0
2729,,,,,99.61734771728516,0.011105332523584366,0.0010000000474974513,272.0
2730,99.91496276855469,0.4675876498222351,0.0053893993608653545,6.332425117492676,,,,273.0
2749,,,,,99.93621826171875,0.00394058832898736,0.0010000000474974513,274.0
2769,,,,,99.93621826171875,0.0025924500077962875,0.0010000000474974513,276.0
2780,99.72364044189453,0.34006375074386597,0.006951569579541683,6.352141380310059,,,,278.0
2789,,,,,99.65986633300781,0.008532064035534859,0.0010000000474974513,278.0
2809,,,,,98.57567596435547,0.02996201068162918,0.0010000000474974513,280.0
2829,,,,,98.25679779052734,0.034126415848731995,0.0010000000474974513,282.0
2830,99.149658203125,0.23379382491111755,0.02224372886121273,6.350015163421631,,,,283.0
2849,,,,,98.7244873046875,0.029313988983631134,0.0010000000474974513,284.0
2869,,,,,98.19302368164062,0.04309406131505966,0.0010000000474974513,286.0
2880,99.5748291015625,0.3825717270374298,0.012203955091536045,6.306078910827637,,,,288.0
2889,,,,,99.38350677490234,0.016766291111707687,0.0010000000474974513,288.0
2909,,,,,99.1283950805664,0.021981840953230858,0.0010000000474974513,290.0
2929,,,,,99.42601776123047,0.01337110623717308,0.0010000000474974513,292.0
2930,99.85118865966797,0.4463336765766144,0.006243065465241671,6.319390296936035,,,,293.0
2949,,,,,99.8511962890625,0.004900878295302391,0.0010000000474974513,294.0
2969,,,,,99.95748138427734,0.0021730009466409683,0.0010000000474974513,296.0
2980,100.0,0.1912858635187149,0.0005544276791624725,6.2924089431762695,,,,298.0
2989,,,,,100.0,0.0005712514976039529,0.0010000000474974513,298.0
3009,,,,,100.0,0.0003102053888142109,0.0010000000474974513,300.0
3030,100.0,0.21253985166549683,0.000220152287511155,6.256544589996338,,,,303.0
3039,,,,,100.0,0.00021703765378333628,0.0010000000474974513,303.0
3069,,,,,100.0,0.0001822545164031908,0.0010000000474974513,306.0
3090,100.0,0.1912858635187149,0.00015817284293007106,6.2197585105896,,,,309.0
3099,,,,,100.0,0.00015729671576991677,0.0010000000474974513,309.0
3129,,,,,100.0,0.0001364567142445594,0.0010000000474974513,312.0
3150,100.0,0.17003187537193298,0.0001181249026558362,6.196268081665039,,,,315.0
3159,,,,,100.0,0.000117691328341607,0.0010000000474974513,315.0
3189,,,,,100.0,0.00010072100849356502,0.0010000000474974513,318.0
3210,100.0,0.17003187537193298,8.574352250434458e-05,6.187802791595459,,,,321.0
3219,,,,,100.0,8.553400402888656e-05,0.0010000000474974513,321.0
3249,,,,,100.0,7.181370165199041e-05,0.0010000000474974513,324.0
3270,100.0,0.17003187537193298,5.973545557935722e-05,6.19805383682251,,,,327.0
3279,,,,,100.0,5.972227154416032e-05,0.0010000000474974513,327.0
3309,,,,,100.0,4.9181799113284796e-05,0.0010000000474974513,330.0
3330,100.0,0.21253985166549683,3.989165634266101e-05,6.228989124298096,,,,333.0
3339,,,,,100.0,3.995451334048994e-05,0.0010000000474974513,333.0
3369,,,,,100.0,3.224179454264231e-05,0.0010000000474974513,336.0
3390,100.0,0.25504782795906067,2.5729090339154936e-05,6.2807087898254395,,,,339.0
3399,,,,,100.0,2.5889559765346348e-05,0.0010000000474974513,339.0
3429,,,,,100.0,2.04880561796017e-05,0.0010000000474974513,342.0
3450,100.0,0.25504782795906067,1.60224772116635e-05,6.352606296539307,,,,345.0
3459,,,,,100.0,1.6147856513271108e-05,0.0010000000474974513,345.0
3489,,,,,100.0,1.2562259144033305e-05,0.0010000000474974513,348.0
3510,100.0,0.31880977749824524,9.6505755209364e-06,6.436760425567627,,,,351.0
3519,,,,,100.0,9.746667274157517e-06,0.0010000000474974513,351.0
3549,,,,,100.0,7.563905910501489e-06,0.0010000000474974513,354.0
3579,,,,,100.0,5.811552910017781e-06,0.0010000000474974513,357.0
3580,100.0,0.2763018012046814,5.273094757285435e-06,6.55167818069458,,,,358.0
3609,,,,,100.0,4.448515483090887e-06,0.0010000000474974513,360.0
3639,,,,,100.0,3.397851287445519e-06,0.0010000000474974513,363.0
3650,100.0,0.3613177239894867,2.8133413252362516e-06,6.682561874389648,,,,365.0
3669,,,,,100.0,2.5759720756468596e-06,0.0010000000474974513,366.0
3699,,,,,100.0,1.961326006494346e-06,0.0010000000474974513,369.0
3720,100.0,0.3613177239894867,1.4515326256514527e-06,6.824675559997559,,,,372.0
3729,,,,,100.0,1.4807135357841616e-06,0.0010000000474974513,372.0
3759,,,,,100.0,1.126811298490793e-06,0.0010000000474974513,375.0
3789,,,,,100.0,8.503036497131689e-07,0.0010000000474974513,378.0
3790,100.0,0.40382570028305054,7.613023171870736e-07,6.97370719909668,,,,379.0
3819,,,,,100.0,6.440189963541343e-07,0.0010000000474974513,381.0
3849,,,,,100.0,4.862770310865017e-07,0.0010000000474974513,384.0
3860,100.0,0.4463336765766144,3.981498650773574e-07,7.114584922790527,,,,386.0
3879,,,,,100.0,3.7603888358717086e-07,0.0010000000474974513,387.0
3909,,,,,100.0,2.8526341111501097e-07,0.0010000000474974513,390.0
3930,100.0,0.4463336765766144,2.1506579628294276e-07,7.249505996704102,,,,393.0
3939,,,,,100.0,2.2143935041185614e-07,0.0010000000474974513,393.0
3969,,,,,100.0,1.6924727219702618e-07,0.0010000000474974513,396.0
3999,,,,,96.25849914550781,0.0835210531949997,0.0010000000474974513,399.0
4000,94.36649322509766,0.5738576054573059,0.10091616213321686,7.064932823181152,,,,400.0
4029,,,,,97.61904907226562,0.04264156520366669,0.0010000000474974513,402.0
4069,,,,,99.34098815917969,0.01476412545889616,0.0010000000474974513,406.0
4080,99.25595092773438,0.2763018012046814,0.014366241171956062,7.092436790466309,,,,408.0
4109,,,,,99.42601776123047,0.010867208242416382,0.0010000000474974513,410.0
4149,,,,,98.25680541992188,0.029911566525697708,0.0010000000474974513,414.0
4160,98.40560913085938,0.31880977749824524,0.02834700234234333,6.92990255355835,,,,416.0
4189,,,,,99.19216918945312,0.017438381910324097,0.0010000000474974513,418.0
4229,,,,,99.74490356445312,0.0060510095208883286,0.0010000000474974513,422.0
4240,99.91496276855469,0.4675876498222351,0.0021870399359613657,6.806790828704834,,,,424.0
4269,,,,,99.91496276855469,0.0024843132123351097,0.0010000000474974513,426.0
4309,,,,,99.63861083984375,0.007285155355930328,0.0010000000474974513,430.0
4320,99.149658203125,0.5100956559181213,0.01663421280682087,6.794974327087402,,,,432.0
4349,,,,,98.3205795288086,0.031926315277814865,0.0010000000474974513,434.0
4389,,,,,99.65986633300781,0.007782503962516785,0.0010000000474974513,438.0
4400,99.93622589111328,0.3825717270374298,0.0035651333164423704,6.746731281280518,,,,440.0
4429,,,,,99.68112182617188,0.006176256574690342,0.0010000000474974513,442.0
4469,,,,,99.5960922241211,0.00989861972630024,0.0010000000474974513,446.0
4480,99.68112182617188,0.4888416528701782,0.008572598919272423,6.722452163696289,,,,448.0
4509,,,,,99.51106262207031,0.010003822855651379,0.0010000000474974513,450.0
4549,,,,,99.82992553710938,0.005852722562849522,0.0010000000474974513,454.0
4560,99.8299331665039,0.4463336765766144,0.005736412014812231,6.665147304534912,,,,456.0
4589,,,,,98.76700592041016,0.023944111540913582,0.0010000000474974513,458.0
4629,,,,,98.78826141357422,0.023926567286252975,0.0010000000474974513,462.0
4650,99.85118865966797,0.2763018012046814,0.005431337747722864,6.6316657066345215,,,,465.0
4669,,,,,99.87245178222656,0.00374581478536129,0.0010000000474974513,466.0
4709,,,,,99.97874450683594,0.0012145680375397205,0.0010000000474974513,470.0
4740,99.02210998535156,0.3613177239894867,0.023363681510090828,6.580393314361572,,,,474.0
4749,,,,,98.78826904296875,0.03436770290136337,0.0010000000474974513,474.0
4789,,,,,99.61734008789062,0.008194457739591599,0.0010000000474974513,478.0
4829,,,,,99.93621826171875,0.002115549286827445,0.0010000000474974513,482.0
4830,100.0,0.34006375074386597,0.0007645406876690686,6.545323848724365,,,,483.0
4869,,,,,100.0,0.00026425818214192986,0.0010000000474974513,486.0
4909,,,,,100.0,0.00011927761079277843,0.0010000000474974513,490.0
4920,100.0,0.42507970333099365,0.00010404892964288592,6.465993881225586,,,,492.0
4949,,,,,100.0,9.253872849512845e-05,0.0010000000474974513,494.0
4989,,,,,100.0,7.58057867642492e-05,0.0010000000474974513,498.0
5010,100.0,0.42507970333099365,6.567927630385384e-05,6.395689010620117,,,,501.0
5029,,,,,100.0,6.196374306455255e-05,0.0010000000474974513,502.0
5079,,,,,100.0,4.750382504425943e-05,0.0010000000474974513,507.0
5110,100.0,0.3825717270374298,3.784815999097191e-05,6.358753681182861,,,,511.0
5129,,,,,100.0,3.545353683875874e-05,0.0010000000474974513,512.0
5179,,,,,100.0,2.5871971956803463e-05,0.0010000000474974513,517.0
5210,100.0,0.4463336765766144,1.9809967852779664e-05,6.367974758148193,,,,521.0
5229,,,,,100.0,1.8409675249131396e-05,0.0010000000474974513,522.0
5279,,,,,100.0,1.2834153494623024e-05,0.0010000000474974513,527.0
5310,100.0,0.3825717270374298,9.474647413298953e-06,6.42415189743042,,,,531.0
5329,,,,,100.0,8.793527740635909e-06,0.0010000000474974513,532.0
5379,,,,,100.0,5.8824689403991215e-06,0.0010000000474974513,537.0
5410,100.0,0.42507970333099365,4.217572040943196e-06,6.526208877563477,,,,541.0
5429,,,,,100.0,3.9163460314739496e-06,0.0010000000474974513,542.0
5479,,,,,100.0,2.552036221459275e-06,0.0010000000474974513,547.0
5510,100.0,0.3825717270374298,1.788684016901243e-06,6.659850120544434,,,,551.0
5529,,,,,100.0,1.6507083273609169e-06,0.0010000000474974513,552.0
5579,,,,,100.0,1.0606556770653697e-06,0.0010000000474974513,557.0
5620,100.0,0.40382570028305054,6.695638603559928e-07,6.834880828857422,,,,562.0
5629,,,,,100.0,6.792824933654629e-07,0.0010000000474974513,562.0
5679,,,,,100.0,4.348452193880803e-07,0.0010000000474974513,567.0
5729,,,,,100.0,2.7831970328406896e-07,0.0010000000474974513,572.0
5730,100.0,0.4888416528701782,2.506968144189159e-07,7.0273919105529785,,,,573.0
5779,,,,,100.0,1.8243783017624082e-07,0.0010000000474974513,577.0
5829,,,,,100.0,1.2340339594629768e-07,0.0010000000474974513,582.0
5840,100.0,0.4675876498222351,1.0307903153261577e-07,7.169404983520508,,,,584.0
5879,,,,,100.0,8.558030373251313e-08,0.0010000000474974513,587.0
5929,,,,,100.0,6.384944128967618e-08,0.0010000000474974513,592.0
5950,100.0,0.40382570028305054,5.331979480160953e-08,7.231971263885498,,,,595.0
5979,,,,,100.0,5.015203186076178e-08,0.0010000000474974513,597.0
6029,,,,,100.0,4.2042557879540254e-08,0.0010000000474974513,602.0
6060,100.0,0.5100956559181213,3.474402987535541e-08,7.222320079803467,,,,606.0
6089,,,,,100.0,3.561833494813982e-08,0.0010000000474974513,608.0
6149,,,,,100.0,3.473135734566313e-08,0.0010000000474974513,614.0
6180,100.0,0.4675876498222351,2.992902992104973e-08,7.1788554191589355,,,,618.0
6209,,,,,99.91496276855469,0.0021220017224550247,0.0010000000474974513,620.0
6269,,,,,98.40560913085938,0.028404291719198227,0.0010000000474974513,626.0
6300,99.7448959350586,0.3825717270374298,0.007095818407833576,6.893254280090332,,,,630.0
6329,,,,,99.80867004394531,0.004447124898433685,0.0010000000474974513,632.0
6389,,,,,100.0,0.00020236882846802473,0.0010000000474974513,638.0
6420,100.0,0.42507970333099365,7.155832281569019e-05,6.804544925689697,,,,642.0
6449,,,,,100.0,6.03594453423284e-05,0.0010000000474974513,644.0
6509,,,,,100.0,4.5320834033191204e-05,0.0010000000474974513,650.0
6540,100.0,0.3825717270374298,3.8085498090367764e-05,6.680359363555908,,,,654.0
6569,,,,,100.0,3.449700307101011e-05,0.0010000000474974513,656.0
6629,,,,,100.0,2.551509351178538e-05,0.0010000000474974513,662.0
6670,100.0,0.40382570028305054,1.951485319295898e-05,6.571497917175293,,,,667.0
6689,,,,,100.0,1.830535620683804e-05,0.0010000000474974513,668.0
6749,,,,,100.0,1.2764499842887744e-05,0.0010000000474974513,674.0
6800,100.0,0.40382570028305054,8.797527698334306e-06,6.513075828552246,,,,680.0
6809,,,,,100.0,8.747263564146124e-06,0.0010000000474974513,680.0
6869,,,,,100.0,5.871489520359319e-06,0.0010000000474974513,686.0
6929,,,,,100.0,3.899252078554127e-06,0.0010000000474974513,692.0
6930,100.0,0.3825717270374298,3.638783709902782e-06,6.5171122550964355,,,,693.0
6989,,,,,100.0,2.56260386777285e-06,0.0010000000474974513,698.0
7049,,,,,100.0,1.6557005437789485e-06,0.0010000000474974513,704.0
7060,100.0,0.40382570028305054,1.4147739193504094e-06,6.593725681304932,,,,706.0
7119,,,,,100.0,9.707293884275714e-07,0.0010000000474974513,711.0
7189,,,,,100.0,5.627341579383938e-07,0.0010000000474974513,718.0
7200,100.0,0.4463336765766144,4.757347369377385e-07,6.757022857666016,,,,720.0
7259,,,,,100.0,3.17447927500325e-07,0.0010000000474974513,725.0
7329,,,,,100.0,1.797262427771784e-07,0.0010000000474974513,732.0
7340,100.0,0.5100956559181213,1.511530030029462e-07,6.95197868347168,,,,734.0
7399,,,,,100.0,1.0884435397429115e-07,0.0010000000474974513,739.0
7469,,,,,100.0,6.980483391316739e-08,0.0010000000474974513,746.0
7480,100.0,0.5313495993614197,5.971867977905276e-08,7.066277503967285,,,,748.0
7539,,,,,100.0,5.0785587291102274e-08,0.0010000000474974513,753.0
7609,,,,,98.93707275390625,0.018250154331326485,0.0010000000474974513,760.0
7620,99.70237731933594,0.25504782795906067,0.005689069163054228,6.631805896759033,,,,762.0
7679,,,,,99.97874450683594,0.0006777138914912939,0.0010000000474974513,767.0
7749,,,,,99.95748138427734,0.0016729948110878468,0.0010000000474974513,774.0
7770,99.65985870361328,0.2763018012046814,0.01025710254907608,6.649284362792969,,,,777.0
7819,,,,,97.725341796875,0.042391225695610046,0.0010000000474974513,781.0
7889,,,,,99.68112182617188,0.009106147103011608,0.0010000000474974513,788.0
7920,99.70237731933594,0.5100956559181213,0.0069985236041247845,6.54840087890625,,,,792.0
7959,,,,,98.91581726074219,0.02434595860540867,0.0010000000474974513,795.0
8029,,,,,99.27720642089844,0.014181869104504585,0.0010000000474974513,802.0
8070,99.93622589111328,0.4675876498222351,0.002025556517764926,6.489284038543701,,,,807.0
8109,,,,,99.95748138427734,0.001511473790742457,0.0010000000474974513,810.0
8189,,,,,99.04336547851562,0.022740570828318596,0.0010000000474974513,818.0
8230,99.5748291015625,0.5738576054573059,0.008170311339199543,6.384090423583984,,,,823.0
8269,,,,,99.87245178222656,0.0036089527420699596,0.0010000000474974513,826.0
8349,,,,,98.7244873046875,0.025564968585968018,0.0010000000474974513,834.0
8390,99.93622589111328,0.3825717270374298,0.003399263834580779,6.328181266784668,,,,839.0
8429,,,,,99.97874450683594,0.0011100410483777523,0.0010000000474974513,842.0
8509,,,,,99.51104736328125,0.009491834789514542,0.0010000000474974513,850.0
8550,98.85203552246094,0.40382570028305054,0.022711459547281265,6.185428142547607,,,,855.0
8589,,,,,99.89370727539062,0.00398287083953619,0.0010000000474974513,858.0
8669,,,,,100.0,0.00015016357065178454,0.0010000000474974513,866.0
8720,100.0,0.42507970333099365,0.00010056729661300778,6.08702278137207,,,,872.0
8749,,,,,100.0,8.886145951692015e-05,0.0010000000474974513,874.0
8829,,,,,100.0,5.7195786212105304e-05,0.0010000000474974513,882.0
8890,100.0,0.42507970333099365,3.81713398382999e-05,5.993152618408203,,,,889.0
8909,,,,,100.0,3.5632743674796075e-05,0.0010000000474974513,890.0
8989,,,,,100.0,2.1086807464598678e-05,0.0010000000474974513,898.0
9060,100.0,0.4675876498222351,1.1961251402681228e-05,6.018315315246582,,,,906.0
9069,,,,,100.0,1.1932585039176047e-05,0.0010000000474974513,906.0
9159,,,,,100.0,6.009379376337165e-06,0.0010000000474974513,915.0
9240,100.0,0.5526036024093628,2.8791798740712693e-06,6.171392917633057,,,,924.0
9249,,,,,100.0,2.888869630623958e-06,0.0010000000474974513,924.0
9339,,,,,100.0,1.3484911960404133e-06,0.0010000000474974513,933.0
9420,100.0,0.5738576054573059,6.034969715074112e-07,6.426043510437012,,,,942.0
9429,,,,,100.0,6.088694703976216e-07,0.0010000000474974513,942.0
9519,,,,,100.0,2.7773683086707024e-07,0.0010000000474974513,951.0
9600,100.0,0.5951115489006042,1.2668519389080757e-07,6.687684535980225,,,,960.0
9609,,,,,100.0,1.312721167323616e-07,0.0010000000474974513,960.0
9699,,,,,100.0,7.015962921741448e-08,0.0010000000474974513,969.0
9789,,,,,100.0,4.642674156229987e-08,0.0010000000474974513,978.0
9790,100.0,0.5313495993614197,4.3322334164486165e-08,6.796861171722412,,,,979.0
9879,,,,,100.0,3.60491476669722e-08,0.0010000000474974513,987.0
9969,,,,,100.0,3.0220462576835416e-08,0.0010000000474974513,996.0
9980,100.0,0.5313495993614197,2.8471857760337116e-08,6.742742538452148,,,,998.0
10059,,,,,99.0008544921875,0.01779044419527054,0.0010000000474974513,1005.0
10159,,,,,99.53231048583984,0.01152227632701397,0.0010000000474974513,1015.0
10170,99.29846954345703,0.4675876498222351,0.01491935271769762,6.420126914978027,,,,1017.0
10259,,,,,99.42601776123047,0.011617723852396011,0.0010000000474974513,1025.0
10359,,,,,99.53231811523438,0.0114978589117527,0.0010000000474974513,1035.0
10370,99.5535659790039,0.5738576054573059,0.012004030868411064,6.34191370010376,,,,1037.0
10459,,,,,99.25595092773438,0.015512495301663876,0.0010000000474974513,1045.0
10559,,,,,99.85118865966797,0.003519455436617136,0.0010000000474974513,1055.0
10570,99.93622589111328,0.42507970333099365,0.003023796482011676,6.259759426116943,,,,1057.0
10659,,,,,99.44728088378906,0.015310007147490978,0.0010000000474974513,1065.0
10759,,,,,100.0,0.00028029485838487744,0.0010000000474974513,1075.0
10780,100.0,0.6588734984397888,0.0001237431715708226,6.0712666511535645,,,,1078.0
10859,,,,,100.0,7.533206371590495e-05,0.0010000000474974513,1085.0
10959,,,,,100.0,4.528467252384871e-05,0.0010000000474974513,1095.0
10990,100.0,0.7438894510269165,3.649139398476109e-05,5.9020490646362305,,,,1099.0
11059,,,,,100.0,2.524263982195407e-05,0.0010000000474974513,1105.0
11169,,,,,100.0,1.217586213897448e-05,0.0010000000474974513,1116.0
11200,100.0,0.6801275014877319,9.168878932541702e-06,5.888091087341309,,,,1120.0
11279,,,,,100.0,5.436158971861005e-06,0.0010000000474974513,1127.0
11389,,,,,100.0,2.280572061863495e-06,0.0010000000474974513,1138.0
11420,100.0,0.701381504535675,1.6364666635126923e-06,6.055942535400391,,,,1142.0
11499,,,,,100.0,9.112894758800394e-07,0.0010000000474974513,1149.0
11609,,,,,100.0,3.5160906008968595e-07,0.0010000000474974513,1160.0
11640,100.0,0.701381504535675,2.451342027143255e-07,6.346660614013672,,,,1164.0
11719,,,,,100.0,1.3973638601783023e-07,0.0010000000474974513,1171.0
11829,,,,,100.0,6.625693771411534e-08,0.0010000000474974513,1182.0
11870,100.0,0.7438894510269165,5.022805993348811e-08,6.542965412139893,,,,1187.0
11939,,,,,100.0,4.0623397978833964e-08,0.0010000000474974513,1193.0
12049,,,,,100.0,3.006841353681011e-08,0.0010000000474974513,1204.0
12100,100.0,0.6588734984397888,2.9523556932531392e-08,6.501647472381592,,,,1210.0
12169,,,,,100.0,2.943485988282646e-08,0.0010000000474974513,1216.0
12289,,,,,100.0,2.601367299348567e-08,0.0010000000474974513,1228.0
12340,100.0,0.7226354479789734,2.44678073357818e-08,6.417163372039795,,,,1234.0
12409,,,,,100.0,2.816775257485915e-08,0.0010000000474974513,1240.0
12529,,,,,100.0,2.7597556240266385e-08,0.0010000000474974513,1252.0
12580,100.0,0.8076514005661011,2.660921261110616e-08,6.345012187957764,,,,1258.0
12649,,,,,100.0,2.8535215079728005e-08,0.0010000000474974513,1264.0
12769,,,,,100.0,2.702735812931678e-08,0.0010000000474974513,1276.0
12830,100.0,0.6801275014877319,2.8269122154256365e-08,6.265331745147705,,,,1283.0
12889,,,,,99.04336547851562,0.01764409802854061,0.0010000000474974513,1288.0
13009,,,,,100.0,6.865580508019775e-05,0.0010000000474974513,1300.0
13080,100.0,0.6163655519485474,4.5982920710230246e-05,5.945343971252441,,,,1308.0
13139,,,,,100.0,3.574921720428392e-05,0.0010000000474974513,1313.0
13269,,,,,100.0,1.778192563506309e-05,0.0010000000474974513,1326.0
13340,100.0,0.6376195549964905,1.110829907702282e-05,5.788238048553467,,,,1334.0
13399,,,,,100.0,8.002557478903327e-06,0.0010000000474974513,1339.0
13529,,,,,100.0,3.4058698474837e-06,0.0010000000474974513,1352.0
13600,100.0,0.5951115489006042,1.9663575585582294e-06,5.803107738494873,,,,1360.0
13659,,,,,100.0,1.3944237480245647e-06,0.0010000000474974513,1365.0
13789,,,,,100.0,5.362896899896441e-07,0.0010000000474974513,1378.0
13870,100.0,0.6588734984397888,2.645969630066247e-07,6.0620880126953125,,,,1387.0
13919,,,,,100.0,1.9244797044848383e-07,0.0010000000474974513,1391.0
14049,,,,,100.0,8.12974789710097e-08,0.0010000000474974513,1404.0
14140,100.0,0.7226354479789734,5.614544207332983e-08,6.281869888305664,,,,1414.0
14189,,,,,100.0,4.692091692959366e-08,0.0010000000474974513,1418.0
14329,,,,,99.97874450683594,0.0015782907139509916,0.0010000000474974513,1432.0
14420,96.68367004394531,0.5313495993614197,0.058431390672922134,5.858170986175537,,,,1442.0
14469,,,,,99.36224365234375,0.013365965336561203,0.0010000000474974513,1446.0
14609,,,,,100.0,6.274928455241024e-05,0.0010000000474974513,1460.0
14700,100.0,0.5951115489006042,4.268022166797891e-05,5.716135025024414,,,,1470.0
14749,,,,,100.0,3.539678800734691e-05,0.0010000000474974513,1474.0
14889,,,,,100.0,1.5717552741989493e-05,0.0010000000474974513,1488.0
14990,100.0,0.5313495993614197,7.477075996575877e-06,5.623088359832764,,,,1499.0
15029,,,,,100.0,6.0329930420266464e-06,0.0010000000474974513,1502.0
15179,,,,,100.0,2.031092662946321e-06,0.0010000000474974513,1517.0
15280,100.0,0.6588734984397888,8.557016144550289e-07,5.79049015045166,,,,1528.0
15329,,,,,100.0,6.325390131678432e-07,0.0010000000474974513,1532.0
15479,,,,,100.0,1.8832989212569373e-07,0.0010000000474974513,1547.0
15580,100.0,0.7226354479789734,9.139631629295764e-08,6.11590051651001,,,,1558.0
15629,,,,,100.0,6.794218876393643e-08,0.0010000000474974513,1562.0
15779,,,,,99.21343231201172,0.017841044813394547,0.0010000000474974513,1577.0
15890,99.72364044189453,0.8714133501052856,0.005439136642962694,5.865976333618164,,,,1589.0
15929,,,,,99.36224365234375,0.012539844959974289,0.0010000000474974513,1592.0
16079,,,,,99.42601776123047,0.011920163407921791,0.0010000000474974513,1607.0
16200,99.76615142822266,0.8289054036140442,0.006344195920974016,5.743642807006836,,,,1620.0
16239,,,,,98.9795913696289,0.02314341627061367,0.0010000000474974513,1623.0
16399,,,,,99.80867004394531,0.007231295574456453,0.0010000000474974513,1639.0
16520,99.9787368774414,0.7438894510269165,0.0013510137796401978,5.532039642333984,,,,1652.0
16559,,,,,100.0,0.0002154943358618766,0.0010000000474974513,1655.0
16719,,,,,100.0,5.188534123590216e-05,0.0010000000474974513,1671.0
16850,100.0,0.7651434540748596,2.4053038941929117e-05,5.3394646644592285,,,,1685.0
16879,,,,,100.0,2.1048581402283162e-05,0.0010000000474974513,1687.0
17039,,,,,100.0,6.967554327275138e-06,0.0010000000474974513,1703.0
17180,100.0,0.701381504535675,2.1646212644554907e-06,5.439453125,,,,1718.0
17209,,,,,100.0,1.8444987972543458e-06,0.0010000000474974513,1720.0
17379,,,,,100.0,4.373414412839338e-07,0.0010000000474974513,1737.0
17520,100.0,0.7438894510269165,1.2615301159257797e-07,5.8312602043151855,,,,1752.0
17549,,,,,100.0,1.0771663028208422e-07,0.0010000000474974513,1754.0
17719,,,,,100.0,4.5957914807104316e-08,0.0010000000474974513,1771.0
17870,100.0,0.7651434540748596,3.258995207033877e-08,5.94672155380249,,,,1787.0
17889,,,,,100.0,3.286871219643217e-08,0.0010000000474974513,1788.0
18059,,,,,99.97874450683594,0.00042307114927098155,0.0010000000474974513,1805.0
18220,100.0,0.8289054036140442,2.9246528356452473e-05,5.569790363311768,,,,1822.0
18239,,,,,100.0,2.797998968162574e-05,0.0010000000474974513,1823.0
18419,,,,,100.0,1.1342914149281569e-05,0.0010000000474974513,1841.0
18580,100.0,0.8714133501052856,3.835476036329055e-06,5.400887489318848,,,,1858.0
18599,,,,,100.0,3.5754701457335614e-06,0.0010000000474974513,1859.0
18779,,,,,100.0,1.031905071613437e-06,0.0010000000474974513,1877.0
18950,100.0,0.7438894510269165,2.5889497123898764e-07,5.618846893310547,,,,1895.0
18959,,,,,100.0,2.6183465706708375e-07,0.0010000000474974513,1895.0
19139,,,,,100.0,7.633042997667872e-08,0.0010000000474974513,1913.0
19320,99.8299331665039,0.8714133501052856,0.004900725092738867,5.320464611053467,,,,1932.0
19329,,,,,99.87245178222656,0.00384823651984334,0.0010000000474974513,1932.0
19519,,,,,100.0,7.06352002453059e-05,0.0010000000474974513,1951.0
19700,100.0,0.701381504535675,2.5953779186238535e-05,5.386106967926025,,,,1970.0
19709,,,,,100.0,2.5843579351203516e-05,0.0010000000474974513,1970.0
19899,,,,,100.0,7.734730388619937e-06,0.0010000000474974513,1989.0
20089,,,,,100.0,2.275161477882648e-06,0.0010000000474974513,2008.0
20090,100.0,0.8926673531532288,2.103927045027376e-06,5.3158369064331055,,,,2009.0
20289,,,,,100.0,5.549034085561289e-07,0.0010000000474974513,2028.0
20489,,,,,63.56292724609375,0.8317391872406006,0.0010000000474974513,2048.0
20490,88.22278594970703,0.5100956559181213,0.3424227833747864,3.645796060562134,,,,2049.0
20689,,,,,100.0,9.383657015860081e-05,0.0010000000474974513,2068.0
20889,,,,,100.0,3.392195139895193e-05,0.0010000000474974513,2088.0
20890,100.0,0.8076514005661011,3.21479128615465e-05,5.194913864135742,,,,2089.0
21089,,,,,100.0,9.934080480888952e-06,0.0010000000474974513,2108.0
21299,,,,,100.0,2.835385203070473e-06,0.0010000000474974513,2129.0
21300,100.0,0.9564293026924133,2.636136741784867e-06,5.1425700187683105,,,,2130.0
21509,,,,,100.0,6.191456805026974e-07,0.0010000000474974513,2150.0
21719,,,,,100.0,0.0006425544852390885,0.0010000000474974513,2171.0
21720,100.0,0.7226354479789734,0.00038877216866239905,5.27346658706665,,,,2172.0
21929,,,,,100.0,7.249364716699347e-05,0.0010000000474974513,2192.0
22139,,,,,100.0,2.2158648789627478e-05,0.0010000000474974513,2213.0
22150,100.0,0.8076514005661011,1.9599212464527227e-05,5.009301662445068,,,,2215.0
22359,,,,,100.0,5.761298325523967e-06,0.0010000000474974513,2235.0
22579,,,,,100.0,1.44832631576719e-06,0.0010000000474974513,2257.0
22590,100.0,1.1052072048187256,1.2183345461380668e-06,5.089487552642822,,,,2259.0
22799,,,,,100.0,0.001251550973393023,0.0010000000474974513,2279.0
23019,,,,,100.0,0.00014890225429553539,0.0010000000474974513,2301.0
23040,100.0,0.9776833057403564,0.0001262932928511873,4.8365583419799805,,,,2304.0
23249,,,,,100.0,3.545953586581163e-05,0.0010000000474974513,2324.0
23479,,,,,100.0,8.417679055128247e-06,0.0010000000474974513,2347.0
23500,100.0,1.1052072048187256,7.077838745317422e-06,4.782755374908447,,,,2350.0
23709,,,,,100.0,0.0003984413924627006,0.0010000000474974513,2370.0
23939,,,,,100.0,0.0001278329873457551,0.0010000000474974513,2393.0
23970,100.0,1.1052072048187256,0.00010114783071912825,4.4477643966674805,,,,2397.0
24169,,,,,100.0,3.31016635755077e-05,0.0010000000474974513,2416.0
24409,,,,,100.0,7.155725597840501e-06,0.0010000000474974513,2440.0
24440,16.87925148010254,0.9776833057403564,2.270214557647705,3.702404022216797,,,,2444.0
24649,,,,,100.0,0.00042003055568784475,0.0010000000474974513,2464.0
24889,,,,,100.0,0.00010509091953281313,0.0010000000474974513,2488.0
24920,100.0,1.5302869081497192,8.107206667773426e-05,4.252625942230225,,,,2492.0
25129,,,,,100.0,2.2815671400167048e-05,0.0010000000474974513,2512.0
25379,,,,,100.0,0.0037447772920131683,0.0010000000474974513,2537.0
25410,100.0,1.509032964706421,0.0006652549491263926,4.169682502746582,,,,2541.0
25629,,,,,100.0,0.00019392865942791104,0.0010000000474974513,2562.0
25879,,,,,100.0,4.383184204925783e-05,0.0010000000474974513,2587.0
25910,100.0,1.7003188133239746,3.415599712752737e-05,4.108842372894287,,,,2591.0
26129,,,,,97.85289001464844,0.054352134466171265,0.0010000000474974513,2612.0
26389,,,,,100.0,0.00026932117179967463,0.0010000000474974513,2638.0
26420,100.0,2.1466524600982666,0.0002154221583623439,3.920630931854248,,,,2642.0
26649,,,,,100.0,5.789328497485258e-05,0.0010000000474974513,2664.0
26909,,,,,100.0,8.673154297866859e-06,0.0010000000474974513,2690.0
26940,100.0,2.1253983974456787,5.836455329699675e-06,4.262702941894531,,,,2694.0
27169,,,,,100.0,0.00027068983763456345,0.0010000000474974513,2716.0
27439,,,,,100.0,6.34817624813877e-05,0.0010000000474974513,2743.0
27470,100.0,2.1253983974456787,5.000624878448434e-05,3.9857780933380127,,,,2747.0
27709,,,,,100.0,1.2147410416218918e-05,0.0010000000474974513,2770.0
27979,,,,,99.51106262207031,0.01868830993771553,0.0010000000474974513,2797.0
28010,100.0,2.1679065227508545,0.0009191517601720989,4.0649495124816895,,,,2801.0
28249,,,,,100.0,0.0001543372927699238,0.0010000000474974513,2824.0
28529,,,,,100.0,2.8211639801156707e-05,0.0010000000474974513,2852.0
28570,100.0,2.401700258255005,2.1025145542807877e-05,3.925952672958374,,,,2857.0
28809,,,,,100.0,4.497397185332375e-06,0.0010000000474974513,2880.0
29089,,,,,100.0,0.0003159825864713639,0.0010000000474974513,2908.0
29140,100.0,2.7842719554901123,0.00023881738889031112,3.7435216903686523,,,,2914.0
29379,,,,,100.0,6.370811752276495e-05,0.0010000000474974513,2937.0
29669,,,,,100.0,1.2018928828183562e-05,0.0010000000474974513,2966.0
29720,15.922618865966797,1.3177469968795776,1.8485286235809326,2.633472204208374,,,,2972.0
29959,,,,,100.0,0.0003602411597967148,0.0010000000474974513,2995.0
30249,,,,,100.0,6.614300946239382e-05,0.0010000000474974513,3024.0
30310,100.0,3.3368756771087646,4.2352981836302206e-05,3.5369653701782227,,,,3031.0
30549,,,,,100.0,9.23747484193882e-06,0.0010000000474974513,3054.0
30849,,,,,100.0,0.00018694563186727464,0.0010000000474974513,3084.0
30910,100.0,3.6131772994995117,0.0001270342618227005,3.5126893520355225,,,,3091.0
31149,,,,,100.0,3.284196282038465e-05,0.0010000000474974513,3114.0
31459,,,,,100.0,3.872352863254491e-06,0.0010000000474974513,3145.0
31520,100.0,3.889479160308838,2.2417752916226164e-06,3.783510684967041,,,,3152.0
31769,,,,,100.0,0.0002260813780594617,0.0010000000474974513,3176.0
32079,,,,,100.0,3.682206443045288e-05,0.0010000000474974513,3207.0
32150,100.0,4.484590530395508,2.2917642127140425e-05,3.415919065475464,,,,3215.0
32399,,,,,100.0,4.917543265037239e-06,0.0010000000474974513,3239.0
32719,,,,,100.0,0.0002142899320460856,0.0010000000474974513,3271.0
32790,100.0,4.994686603546143,0.0001439233310520649,3.27309513092041,,,,3279.0
33039,,,,,100.0,3.419545100769028e-05,0.0010000000474974513,3303.0
33369,,,,,100.0,4.429570253705606e-06,0.0010000000474974513,3336.0
33440,100.0,6.099893569946289,2.7861226499226177e-06,3.481592893600464,,,,3344.0
33699,,,,,100.0,0.00023353825963567942,0.0010000000474974513,3369.0
34029,,,,,100.0,3.1838528229855e-05,0.0010000000474974513,3402.0
34100,100.0,6.652497291564941,1.9371438611415215e-05,3.0986597537994385,,,,3410.0
34369,,,,,100.0,3.1283125281333923e-06,0.0010000000474974513,3436.0
34709,,,,,100.0,0.00019314466044306755,0.0010000000474974513,3470.0
34780,100.0,7.226354598999023,0.00011837299825856462,2.954145908355713,,,,3478.0
35049,,,,,100.0,2.3967742890818045e-05,0.0010000000474974513,3504.0
35399,,,,,100.0,0.0009634429588913918,0.0010000000474974513,3539.0
35470,100.0,8.480340003967285,0.00046573238796554506,2.763930320739746,,,,3547.0
35749,,,,,100.0,9.896494157146662e-05,0.0010000000474974513,3574.0
36099,,,,,100.0,1.6379819498979487e-05,0.0010000000474974513,3609.0
36170,99.9787368774414,10.43570613861084,0.0021108342334628105,2.5881690979003906,,,,3617.0
36459,,,,,100.0,0.0001793490955606103,0.0010000000474974513,3645.0
36819,,,,,100.0,1.8316110072191805e-05,0.0010000000474974513,3681.0
36890,100.0,12.008501052856445,9.115702596318442e-06,2.603350877761841,,,,3689.0
37179,,,,,100.0,0.0003555617295205593,0.0010000000474974513,3717.0
37549,,,,,100.0,4.032484503113665e-05,0.0010000000474974513,3754.0
37620,100.0,14.155153274536133,2.4852306523825973e-05,2.3957674503326416,,,,3762.0
37919,,,,,97.51275634765625,0.05532510578632355,0.0010000000474974513,3791.0
38289,,,,,100.0,9.407251491211355e-05,0.0010000000474974513,3828.0
38370,100.0,17.980871200561523,5.547397449845448e-05,2.121532678604126,,,,3837.0
38669,,,,,100.0,8.729493856662884e-06,0.0010000000474974513,3866.0
39049,,,,,100.0,0.000266219605691731,0.0010000000474974513,3904.0
39130,100.0,20.12752342224121,0.00016192375915125012,1.9922001361846924,,,,3913.0
39439,,,,,100.0,2.5306226234533824e-05,0.0010000000474974513,3943.0
39829,,,,,97.32142639160156,0.0637817531824112,0.0010000000474974513,3982.0
39910,100.0,24.059511184692383,0.0003375678788870573,1.8388433456420898,,,,3991.0
40219,,,,,100.0,5.966230673948303e-05,0.0010000000474974513,4021.0
40619,,,,,100.0,5.023041012464091e-06,0.0010000000474974513,4061.0
40700,100.0,28.204036712646484,2.5888732579915086e-06,1.764219045639038,,,,4070.0
41019,,,,,100.0,0.0002796170301735401,0.0010000000474974513,4101.0
41429,,,,,100.0,2.1835659936186858e-05,0.0010000000474974513,4142.0
41510,100.0,35.472900390625,1.247036470886087e-05,1.4206562042236328,,,,4151.0
41839,,,,,100.0,0.00044527766294777393,0.0010000000474974513,4183.0
42249,,,,,100.0,3.676262349472381e-05,0.0010000000474974513,4224.0
42340,100.0,45.334747314453125,1.9847522708005272e-05,1.098818302154541,,,,4234.0
42669,,,,,100.0,2.1183827811910305e-06,0.0010000000474974513,4266.0
43089,,,,,100.0,0.00010300449503120035,0.0010000000474974513,4308.0
43180,100.0,51.81721496582031,5.3751693485537544e-05,0.8948172926902771,,,,4318.0
43519,,,,,100.0,7.394667136395583e-06,0.0010000000474974513,4351.0
43949,,,,,100.0,0.00020549219334498048,0.0010000000474974513,4394.0
44040,100.0,58.916046142578125,0.00011398555943742394,0.7217904329299927,,,,4404.0
44379,,,,,100.0,1.474264900025446e-05,0.0010000000474974513,4437.0
44819,,,,,100.0,0.0002855940256267786,0.0010000000474974513,4481.0
44920,100.0,68.82040405273438,0.00014828699931968004,0.5247883796691895,,,,4492.0
45259,,,,,100.0,1.8447875845595263e-05,0.0010000000474974513,4525.0
45709,,,,,100.0,0.00024224801745731384,0.0010000000474974513,4570.0
45810,100.0,76.7906494140625,0.00012591652921400964,0.3714151084423065,,,,4581.0
46159,,,,,100.0,1.5168118807196151e-05,0.0010000000474974513,4615.0
46619,,,,,100.0,0.00014051457401365042,0.0010000000474974513,4661.0
46720,100.0,85.4410171508789,7.850653491914272e-05,0.22946865856647491,,,,4672.0
47079,,,,,100.0,1.041761424858123e-05,0.0010000000474974513,4707.0
47549,,,,,100.0,0.00020459899678826332,0.0010000000474974513,4754.0
47650,100.0,89.67056274414062,0.00011989262566203251,0.159489706158638,,,,4765.0
48019,,,,,100.0,1.3255042176751886e-05,0.0010000000474974513,4801.0
48499,,,,,100.0,4.337935024523176e-07,0.0010000000474974513,4849.0
48600,100.0,93.41126251220703,0.000322871987009421,0.1050240695476532,,,,4860.0
48979,,,,,100.0,2.8833450414822437e-05,0.0010000000474974513,4897.0
49459,,,,,100.0,1.6330570815625833e-06,0.0010000000474974513,4945.0
49570,99.95748138427734,93.83634185791016,0.004104922991245985,0.10924120247364044,,,,4957.0
49949,,,,,100.0,5.4060539696365595e-05,0.0010000000474974513,4994.0
50439,,,,,100.0,2.0947129542037146e-06,0.0010000000474974513,5043.0
50560,100.0,99.95748901367188,7.13240979166585e-07,0.0012659193016588688,,,,5056.0
50939,,,,,100.0,7.452008139807731e-05,0.0010000000474974513,5093.0
51439,,,,,100.0,3.913341060979292e-06,0.0010000000474974513,5143.0
51570,100.0,100.0,1.694309958111262e-06,0.0004256381362210959,,,,5157.0
51949,,,,,100.0,0.0002284193760715425,0.0010000000474974513,5194.0
